Workbook

Sheet Tabella 1
A1: Identificazione Strada | B1: Is_PGTU | C1: Classificazione | D1: Flusso medio | E1: Flusso Min | F1: Flusso Max | G1: Is_TPL | H1: Is_GV | I1: Municipio
A2: Corso Duca di Genova | B2: Sì | C2: IZ | D2: 3043.5593 | E2: 1430.7692 | F2: 5912.4231 | G2: Sì | H2: No | I2: 10
A3: Corso Neostiense | B3: Sì | C3: Q | D3: 1881.9231 | E3: 1881.9231 | F3: 1881.9231 | G3: No | H3: Sì | I3: 8
A4: Corso Regina Maria Pia | B4: Sì | C4: IZ | D4: 3610.0903 | E4: 2740.9615 | F4: 5014.5 | G4: Sì | H4: No | I4: 10
A5: Lungomare Amerigo Vespucci | B5: Sì | C5: IZ | D5: 1956.6297 | E5: 0.11538462 | F5: 6041.8413 | G5: Sì | H5: No | I5: 10
A6: Lungomare Duca degli Abruzzi | B6: Sì | C6: IZ | D6: 786.60905 | E6: 299.65385 | F6: 1640.8846 | G6: Sì | H6: No | I6: 10
A7: Lungotevere Portuense | B7: Sì | C7: Q | D7: 2746.9328 | E7: 89.884615 | F7: 9782.5385 | G7: No | H7: Sì | I7: 12
A8: Lungotevere Vaticano (sottopasso) | B8: Sì | C8: Q | D8: 1292.8022 | E8: 1290.975 | F8: 1296.925 | G8: No | H8: Sì | I8: 1
A9: Piazza di Santa Maria Liberatrice | B9: Sì | C9: IZ | D9: 4032.4295 | E9: 1614.1154 | F9: 5952.6923 | G9: Sì | H9: No | I9: 1
A10: Piazza Filattiera | B10: Sì | C10: IZ | D10: 4321.5986 | E10: 3182.5385 | F10: 6197.4231 | G10: Sì | H10: No | I10: 3
A11: Piazza Minucciano | B11: Sì | C11: IZ | D11: 4036.7621 | E11: 160.61538 | F11: 5786.3077 | G11: Sì | H11: No | I11: 3
A12: Piazza Pia | B12: Sì | C12: IQ | D12: 1292.3302 | E12: 1291.4125 | F12: 1293.075 | G12: No | H12: Sì | I12: 1
A13: Via Acquaroni | B13: Sì | C13: IZ | D13: 2087.3821 | E13: 115.26923 | F13: 4445.7692 | G13: Sì | H13: No | I13: 6
... A290: Viale Vega | B290: Sì | C290: Q | D290: 1861.7307 | E290: 12.692308 | F290: 2431.7308 | G290: Sì | H290: No | I290: 10
A291: Piazza Pio XII | B291: Sì | C291: IZ | D291: 0 | E291: 0 | F291: 0 | G291: No | H291: No | I291: 1
A292: Piazzale Ferruccio Parri | B292: Sì | C292: IZ | D292: 0 | E292: 0 | F292: 0 | G292: Sì | H292: No | I292: 9
A293: Ponte dell'Industria | B293: Sì | C293: IZ | D293: 0 | E293: 0 | F293: 0 | G293: No | H293: Sì | I293: 8, 11
A294: Ponte Giuseppe Mazzini | B294: Sì | C294: IQ | D294: 0 | E294: 0 | F294: 0 | G294: Sì | H294: Sì | I294: 1
A295: Via di Villa Bonelli | B295: Sì | C295: IZ | D295: 0 | E295: 0 | F295: 0 | G295: No | H295: No | I295: 11
A296: Via Pontina - Laterale | B296: Sì | C296: IQ; IZ | D296: 0 | E296: 0 | F296: 0 | G296: Sì | H296: No | I296: 9
A297: Via Rubattino | B297: Sì | C297: IZ | D297: 0 | E297: 0 | F297: 0 | G297: Sì | H297: No | I297: 1
A298: Via Ruzzante | B298: Sì | C298: IZ | D298: 0 | E298: 0 | F298: 0 | G298: No | H298: No | I298: 8
A299: Via Urbano VIII | B299: Sì | C299: IZ | D299: 0 | E299: 0 | F299: 0 | G299: Sì | H299: No | I299: 1
A300: Via Val Maira | B300: Sì | C300: Q | D300: 0 | E300: 0 | F300: 0 | G300: Sì | H300: No | I300: 3
A301: Via Vincenzo Petra | B301: Sì | C301: IZ | D301: 0 | E301: 0 | F301: 0 | G301: Sì | H301: No | I301: 10
A302: Viale Alfredo Ottaviani | B302: Sì | C302: IZ | D302: 0 | E302: 0 | F302: 0 | G302: Sì | H302: No | I302: 10
A303: Viale della Trinità dei Monti | B303: Sì | C303: IZ | D303: 0 | E303: 0 | F303: 0 | G303: Sì | H303: No | I303: 1
A304: Viale Giorgio Washington | B304: Sì | C304: Q | D304: 0 | E304: 0 | F304: 0 | G304: Sì | H304: Si | I304: 2

Sheet Municipio 1
A1: Identificazione Strada | B1: Is_PGTU | C1: Classificazione | D1: % PGTU | E1: Flusso medio | F1: Flusso Min | G1: Flusso Max | H1: Is_TPL | I1: Is_GV | J1: Municipio
A2: Lungotevere Vaticano (sottopasso) | B2: Sì | C2: =IFERROR( _xlfn.XLOOKUP( A2, 'Tabella 1'!A:A, 'Tabella 1'!C:C ), 0 ) -> Q | D2: 1 | E2: 1292.8022 | F2: 1290.975 | G2: 1296.925 | H2: No | I2: Sì | J2: 1
A3: Piazza di Santa Maria Liberatrice | B3: Sì | C3: =IFERROR( _xlfn.XLOOKUP( A3, 'Tabella 1'!A:A, 'Tabella 1'!C:C ), 0 ) -> IZ | D3: 1 | E3: 4032.4295 | F3: 1614.1154 | G3: 5952.6923 | H3: Sì | I3: No | J3: 1
A4: Piazza Pia | B4: Sì | C4: =IFERROR( _xlfn.XLOOKUP( A4, 'Tabella 1'!A:A, 'Tabella 1'!C:C ), 0 ) -> IQ | D4: 1 | E4: 1292.3302 | F4: 1291.4125 | G4: 1293.075 | H4: No | I4: Sì | J4: 1
A5: Via Beniamino Franklin | B5: Sì | C5: =IFERROR( _xlfn.XLOOKUP( A5, 'Tabella 1'!A:A, 'Tabella 1'!C:C ), 0 ) -> IZ | D5: 0.37185358 | E5: 4169.9067 | F5: 789.46154 | G5: 9543.4615 | H5: Sì | I5: No | J5: 1
A6: Via Cairoli | B6: Sì | C6: =IFERROR( _xlfn.XLOOKUP( A6, 'Tabella 1'!A:A, 'Tabella 1'!C:C ), 0 ) -> IQ | D6: 0.15833358 | E6: 4750.1952 | F6: 321.80769 | G6: 20692.385 | H6: Sì | I6: No | J6: 1
A7: Via Damiata | B7: Sì | C7: =IFERROR( _xlfn.XLOOKUP( A7, 'Tabella 1'!A:A, 'Tabella 1'!C:C ), 0 ) -> Q | D7: 1 | E7: 4929.8153 | F7: 933.46154 | G7: 8882.4231 | H7: No | I7: No | J7: 1
A8: Via del Mascherino | B8: Sì | C8: =IFERROR( _xlfn.XLOOKUP( A8, 'Tabella 1'!A:A, 'Tabella 1'!C:C ), 0 ) -> IZ | D8: 1 | E8: 2852.8033 | F8: 2416.9615 | G8: 3890.6538 | H8: Sì | I8: Sì | J8: 1
A9: Via delle Terme di Tito | B9: Sì | C9: =IFERROR( _xlfn.XLOOKUP( A9, 'Tabella 1'!A:A, 'Tabella 1'!C:C ), 0 ) -> IZ | D9: 1 | E9: 2850.464 | F9: 2287.2692 | G9: 3328.0385 | H9: No | I9: No | J9: 1
A10: Via Edmondo De Amicis | B10: Sì | C10: =IFERROR( _xlfn.XLOOKUP( A10, 'Tabella 1'!A:A, 'Tabella 1'!C:C ), 0 ) -> IZ | D10: 0.99631428 | E10: 2265.8348 | F10: 1880.0769 | G10: 2928.3462 | H10: No | I10: Sì | J10: 1, 15
A11: Via Farini | B11: Sì | C11: =IFERROR( _xlfn.XLOOKUP( A11, 'Tabella 1'!A:A, 'Tabella 1'!C:C ), 0 ) -> IZ | D11: 1 | E11: 4611.0438 | F11: 3748.9615 | G11: 5523 | H11: Sì | I11: No | J11: 1
A12: Via Filippo Corridoni | B12: Sì | C12: =IFERROR( _xlfn.XLOOKUP( A12, 'Tabella 1'!A:A, 'Tabella 1'!C:C ), 0 ) -> IZ | D12: 0.9815506 | E12: 3744.9501 | F12: 372.34615 | G12: 5302.6154 | H12: Sì | I12: Sì | J12: 1
A13: Via Giovanni Branca | B13: Sì | C13: =IFERROR( _xlfn.XLOOKUP( A13, 'Tabella 1'!A:A, 'Tabella 1'!C:C ), 0 ) -> IZ | D13: 1 | E13: 2768.6311 | F13: 1294.5 | G13: 5391.3462 | H13: Sì | I13: Sì | J13: 1
... A26: Viale Manlio Gelsomini | B26: Sì | C26: =IFERROR( _xlfn.XLOOKUP( A26, 'Tabella 1'!A:A, 'Tabella 1'!C:C ), 0 ) -> IZ | D26: 0.77199255 | E26: 3632.2714 | F26: 147.34615 | G26: 8577.4615 | H26: Sì | I26: Sì | J26: 1
A27: Piazza Pio XII | B27: Sì | C27: =IFERROR( _xlfn.XLOOKUP( A27, 'Tabella 1'!A:A, 'Tabella 1'!C:C ), 0 ) -> IZ | D27: 0 | E27: 0 | F27: 0 | G27: 0 | H27: No | I27: No | J27: 1
A28: Ponte Giuseppe Mazzini | B28: Sì | C28: =IFERROR( _xlfn.XLOOKUP( A28, 'Tabella 1'!A:A, 'Tabella 1'!C:C ), 0 ) -> IQ | D28: 0 | E28: 0 | F28: 0 | G28: 0 | H28: Sì | I28: Sì | J28: 1
A29: Via Rubattino | B29: Sì | C29: =IFERROR( _xlfn.XLOOKUP( A29, 'Tabella 1'!A:A, 'Tabella 1'!C:C ), 0 ) -> IZ | D29: 0 | E29: 0 | F29: 0 | G29: 0 | H29: Sì | I29: No | J29: 1
A30: Via Urbano VIII | B30: Sì | C30: =IFERROR( _xlfn.XLOOKUP( A30, 'Tabella 1'!A:A, 'Tabella 1'!C:C ), 0 ) -> IZ | D30: 0 | E30: 0 | F30: 0 | G30: 0 | H30: Sì | I30: No | J30: 1
A31: Viale della Trinità dei Monti | B31: Sì | C31: =IFERROR( _xlfn.XLOOKUP( A31, 'Tabella 1'!A:A, 'Tabella 1'!C:C ), 0 ) -> IZ | D31: 0 | E31: 0 | F31: 0 | G31: 0 | H31: Sì | I31: No | J31: 1

Sheet Municipio 2
A1: Identificazione Strada | B1: Is_PGTU | C1: Classificazione | D1: % PGTU | E1: Flusso medio | F1: Flusso Min | G1: Flusso Max | H1: Is_TPL | I1: Is_GV | J1: Municipio
A2: Via Alessandro Torlonia | B2: Sì | C2: =IFERROR( _xlfn.XLOOKUP( A2, 'Tabella 1'!A:A, 'Tabella 1'!C:C ), 0 ) -> IZ | D2: 1 | E2: 4804.0943 | F2: 2115.4615 | G2: 8432.1923 | H2: Sì | I2: No | J2: 2
A3: Via Anapo | B3: Sì | C3: =IFERROR( _xlfn.XLOOKUP( A3, 'Tabella 1'!A:A, 'Tabella 1'!C:C ), 0 ) -> IZ | D3: 1 | E3: 3653.7223 | F3: 2180.3077 | G3: 5564.6538 | H3: Sì | I3: No | J3: 2
A4: Via Asmara | B4: Sì | C4: =IFERROR( _xlfn.XLOOKUP( A4, 'Tabella 1'!A:A, 'Tabella 1'!C:C ), 0 ) -> IZ | D4: 1 | E4: 4625.2814 | F4: 1318.1538 | G4: 9466.6154 | H4: Sì | I4: No | J4: 2
A5: Via Dalmazia | B5: Sì | C5: =IFERROR( _xlfn.XLOOKUP( A5, 'Tabella 1'!A:A, 'Tabella 1'!C:C ), 0 ) -> IZ | D5: 1 | E5: 3137.448 | F5: 597.23077 | G5: 9565.9615 | H5: Sì | I5: No | J5: 2
A6: Via dei Liburni | B6: Sì | C6: =IFERROR( _xlfn.XLOOKUP( A6, 'Tabella 1'!A:A, 'Tabella 1'!C:C ), 0 ) -> IZ | D6: 1 | E6: 3102.4615 | F6: 2212.2692 | G6: 3992.6538 | H6: No | I6: No | J6: 2
A7: Via Flaminia (Fracassini-Ponte Milvio) | B7: Sì | C7: =IFERROR( _xlfn.XLOOKUP( A7, 'Tabella 1'!A:A, 'Tabella 1'!C:C ), 0 ) -> Q | D7: 0.79054076 | E7: 3033.2785 | F7: 269.53846 | G7: 7439.0769 | H7: Sì | I7: Sì | J7: 2
A8: Via Guido Reni | B8: Sì | C8: =IFERROR( _xlfn.XLOOKUP( A8, 'Tabella 1'!A:A, 'Tabella 1'!C:C ), 0 ) -> IZ | D8: 0.95809091 | E8: 2295.0132 | F8: 47.884615 | G8: 4161.2308 | H8: Sì | I8: Sì | J8: 2
A9: Via Lorenzo il Magnifico | B9: Sì | C9: =IFERROR( _xlfn.XLOOKUP( A9, 'Tabella 1'!A:A, 'Tabella 1'!C:C ), 0 ) -> IZ | D9: 0.88926876 | E9: 3393.6612 | F9: 376.96154 | G9: 10326.923 | H9: Sì | I9: Sì | J9: 2, 4
A10: Via Magliano Sabina | B10: Sì | C10: =IFERROR( _xlfn.XLOOKUP( A10, 'Tabella 1'!A:A, 'Tabella 1'!C:C ), 0 ) -> IZ | D10: 1 | E10: 4944.8282 | F10: 2268.5769 | G10: 10879.269 | H10: Sì | I10: Sì | J10: 2
A11: Via Nizza | B11: Sì | C11: =IFERROR( _xlfn.XLOOKUP( A11, 'Tabella 1'!A:A, 'Tabella 1'!C:C ), 0 ) -> IZ | D11: 1 | E11: 3744.8077 | F11: 3744.8077 | G11: 3744.8077 | H11: Sì | I11: Sì | J11: 2
A12: Via Postumia | B12: Sì | C12: =IFERROR( _xlfn.XLOOKUP( A12, 'Tabella 1'!A:A, 'Tabella 1'!C:C ), 0 ) -> IZ | D12: 0.63860545 | E12: 4322.9709 | F12: 1950.6923 | G12: 8120.6538 | H12: Sì | I12: Sì | J12: 2
A13: Via Ridolfino Venuti | B13: Sì | C13: =IFERROR( _xlfn.XLOOKUP( A13, 'Tabella 1'!A:A, 'Tabella 1'!C:C ), 0 ) -> Q | D13: 0.36122093 | E13: 3131.0866 | F13: 265.15385 | G13: 12398.769 | H13: Sì | I13: No | J13: 2
... A15: Viale Tiziano (Via C.Fracassini-Ponte Milvio) | B15: Sì | C15: =IFERROR( _xlfn.XLOOKUP( A15, 'Tabella 1'!A:A, 'Tabella 1'!C:C ), 0 ) -> IQ; Q | D15: 0.79588993 | E15: 3947.6285 | F15: 254.76923 | G15: 10060.731 | H15: Sì | I15: Sì | J15: 2
A16: Viale Giorgio Washington | B16: Sì | C16: =IFERROR( _xlfn.XLOOKUP( A16, 'Tabella 1'!A:A, 'Tabella 1'!C:C ), 0 ) -> Q | D16: 0 | E16: 0 | F16: 0 | G16: 0 | H16: Sì | I16: Si | J16: 2

Sheet Municipio 3
A1: Identificazione Strada | B1: Is_PGTU | C1: Classificazione | D1: % PGTU | E1: Flusso medio | F1: Flusso Min | G1: Flusso Max | H1: Is_TPL | I1: Is_GV | J1: Municipio
A2: Piazza Filattiera | B2: Sì | C2: =IFERROR( _xlfn.XLOOKUP( A2, 'Tabella 1'!A:A, 'Tabella 1'!C:C ), 0 ) -> IZ | D2: 1 | E2: 4321.5986 | F2: 3182.5385 | G2: 6197.4231 | H2: Sì | I2: No | J2: 3
A3: Piazza Minucciano | B3: Sì | C3: =IFERROR( _xlfn.XLOOKUP( A3, 'Tabella 1'!A:A, 'Tabella 1'!C:C ), 0 ) -> IZ | D3: 1 | E3: 4036.7621 | F3: 160.61538 | G3: 5786.3077 | H3: Sì | I3: No | J3: 3
A4: Via Comano | B4: Sì | C4: =IFERROR( _xlfn.XLOOKUP( A4, 'Tabella 1'!A:A, 'Tabella 1'!C:C ), 0 ) -> IZ | D4: 1 | E4: 4007.7646 | F4: 2996.4231 | G4: 5031.5769 | H4: Sì | I4: No | J4: 3
A5: Via Cortona (Svincolo Salaria-Radicofani) | B5: Sì | C5: =IFERROR( _xlfn.XLOOKUP( A5, 'Tabella 1'!A:A, 'Tabella 1'!C:C ), 0 ) -> IZ | D5: 0.90687022 | E5: 4361.9076 | F5: 341.53846 | G5: 5387.4231 | H5: Sì | I5: Sì | J5: 3
A6: Via della Marcigliana | B6: Sì | C6: =IFERROR( _xlfn.XLOOKUP( A6, 'Tabella 1'!A:A, 'Tabella 1'!C:C ), 0 ) -> IZ | D6: 0.20600456 | E6: 206.41679 | F6: 49.269231 | G6: 555.23077 | H6: No | I6: No | J6: 3
A7: Via delle Isole Curzolane | B7: Sì | C7: =IFERROR( _xlfn.XLOOKUP( A7, 'Tabella 1'!A:A, 'Tabella 1'!C:C ), 0 ) -> IZ | D7: 0.98512076 | E7: 4299.0878 | F7: 18.807692 | G7: 5673 | H7: Sì | I7: No | J7: 3
A8: Via di Tor San Giovanni | B8: Sì | C8: =IFERROR( _xlfn.XLOOKUP( A8, 'Tabella 1'!A:A, 'Tabella 1'!C:C ), 0 ) -> IZ | D8: 0.98959432 | E8: 2279.4234 | F8: 318.69231 | G8: 4919.0769 | H8: Sì | I8: No | J8: 3
A9: Via Don Giustino Maria Russolillo | B9: Sì | C9: =IFERROR( _xlfn.XLOOKUP( A9, 'Tabella 1'!A:A, 'Tabella 1'!C:C ), 0 ) -> IZ | D9: 1 | E9: 2711.0175 | F9: 2285.5385 | G9: 3151.2692 | H9: Sì | I9: No | J9: 3
A10: Via Filippo Antonio Gualterio | B10: Sì | C10: =IFERROR( _xlfn.XLOOKUP( A10, 'Tabella 1'!A:A, 'Tabella 1'!C:C ), 0 ) -> IZ | D10: 0.98914802 | E10: 2979.7021 | F10: 1188.5769 | G10: 3920.5385 | H10: Sì | I10: No | J10: 3
A11: Via Incisa in Val d'Arno | B11: Sì | C11: =IFERROR( _xlfn.XLOOKUP( A11, 'Tabella 1'!A:A, 'Tabella 1'!C:C ), 0 ) -> IZ | D11: 1 | E11: 920.4923 | F11: 52.615385 | G11: 3271.5 | H11: Sì | I11: No | J11: 3
A12: Via Molazzana | B12: Sì | C12: =IFERROR( _xlfn.XLOOKUP( A12, 'Tabella 1'!A:A, 'Tabella 1'!C:C ), 0 ) -> IZ | D12: 1 | E12: 4073.9931 | F12: 3092.5385 | G12: 5149.8462 | H12: Sì | I12: No | J12: 3
A13: Via Monte Cervialto | B13: Sì | C13: =IFERROR( _xlfn.XLOOKUP( A13, 'Tabella 1'!A:A, 'Tabella 1'!C:C ), 0 ) -> Q | D13: 0.79796991 | E13: 4813.0982 | F13: 8.6538462 | G13: 9551.4231 | H13: Sì | I13: No | J13: 3
... A24: Viale Titina De Filippo | B24: Sì | C24: =IFERROR( _xlfn.XLOOKUP( A24, 'Tabella 1'!A:A, 'Tabella 1'!C:C ), 0 ) -> IZ | D24: 0.9535292 | E24: 4840.7964 | F24: 222.11538 | G24: 7883.8846 | H24: Sì | I24: No | J24: 3
A25: Via Val Maira | B25: Sì | C25: =IFERROR( _xlfn.XLOOKUP( A25, 'Tabella 1'!A:A, 'Tabella 1'!C:C ), 0 ) -> Q | D25: 0 | E25: 0 | F25: 0 | G25: 0 | H25: Sì | I25: No | J25: 3

Sheet Municipio 4
A1: Identificazione Strada | B1: Is_PGTU | C1: Classificazione | D1: % PGTU | E1: Flusso medio | F1: Flusso Min | G1: Flusso Max | H1: Is_TPL | I1: Is_GV | J1: Municipio
A2: Via Ciciliano | B2: Sì | C2: =IFERROR( _xlfn.XLOOKUP( A2, 'Tabella 1'!A:A, 'Tabella 1'!C:C ), 0 ) -> IQ | D2: 1 | E2: 1379.8138 | F2: 241.09615 | G2: 1707.6635 | H2: Sì | I2: Sì | J2: 4
A3: Via dei Durantini | B3: Sì | C3: =IFERROR( _xlfn.XLOOKUP( A3, 'Tabella 1'!A:A, 'Tabella 1'!C:C ), 0 ) -> IZ | D3: 1 | E3: 4238.3781 | F3: 1318.1538 | G3: 7115.4231 | H3: Sì | I3: No | J3: 4
A4: Via di Casal de' Pazzi | B4: Sì | C4: =IFERROR( _xlfn.XLOOKUP( A4, 'Tabella 1'!A:A, 'Tabella 1'!C:C ), 0 ) -> IQ | D4: 0.86022347 | E4: 3288.9702 | F4: 174.92308 | G4: 5135.8125 | H4: Sì | I4: Sì | J4: 4
A5: Via di Sant'Alessandro | B5: Sì | C5: =IFERROR( _xlfn.XLOOKUP( A5, 'Tabella 1'!A:A, 'Tabella 1'!C:C ), 0 ) -> Q | D5: 0.54031928 | E5: 4530.9005 | F5: 40.038462 | G5: 15843.462 | H5: Sì | I5: No | J5: 4
A6: Via di Tor Cervara | B6: Sì | C6: =IFERROR( _xlfn.XLOOKUP( A6, 'Tabella 1'!A:A, 'Tabella 1'!C:C ), 0 ) -> Q | D6: 1 | E6: 4691.4475 | F6: 2624.8846 | G6: 8152.8462 | H6: Sì | I6: Sì | J6: 4, 5
A7: Via Giovanni Palombini | B7: Sì | C7: =IFERROR( _xlfn.XLOOKUP( A7, 'Tabella 1'!A:A, 'Tabella 1'!C:C ), 0 ) -> IQ | D7: 1 | E7: 3557.3562 | F7: 146.88462 | G7: 3938.9135 | H7: Sì | I7: Sì | J7: 4
A8: Via Lorenzo il Magnifico | B8: Sì | C8: =IFERROR( _xlfn.XLOOKUP( A8, 'Tabella 1'!A:A, 'Tabella 1'!C:C ), 0 ) -> IZ | D8: 0.88926876 | E8: 3393.6612 | F8: 376.96154 | G8: 10326.923 | H8: Sì | I8: Sì | J8: 2, 4
A9: Viale Battista Bardanzellu | B9: Sì | C9: =IFERROR( _xlfn.XLOOKUP( A9, 'Tabella 1'!A:A, 'Tabella 1'!C:C ), 0 ) -> Q | D9: 1 | E9: 3342.2486 | F9: 305.53846 | G9: 5806.6154 | H9: Sì | I9: Sì | J9: 4
A10: Viale Ettore Franceschini | B10: Sì | C10: =IFERROR( _xlfn.XLOOKUP( A10, 'Tabella 1'!A:A, 'Tabella 1'!C:C ), 0 ) -> Q | D10: 1 | E10: 4158.9741 | F10: 33 | G10: 10015.846 | H10: Sì | I10: No | J10: 4
A11: Viale Fernando Santi | B11: Sì | C11: =IFERROR( _xlfn.XLOOKUP( A11, 'Tabella 1'!A:A, 'Tabella 1'!C:C ), 0 ) -> Q | D11: 1 | E11: 3528.8054 | F11: 349.03846 | G11: 4993.0385 | H11: Sì | I11: Sì | J11: 4

Sheet Municipio 5
A1: Identificazione Strada | B1: Is_PGTU | C1: Classificazione | D1: % PGTU | E1: Flusso medio | F1: Flusso Min | G1: Flusso Max | H1: Is_TPL | I1: Is_GV | J1: Municipio
A2: Via Angelo Viscogliosi | B2: Sì | C2: =IFERROR( _xlfn.XLOOKUP( A2, 'Tabella 1'!A:A, 'Tabella 1'!C:C ), 0 ) -> IZ | D2: 0.88700605 | E2: 3932.9307 | F2: 1081.2692 | G2: 5772.2308 | H2: Sì | I2: Sì | J2: 5
A3: Via Aristide Staderini | B3: Sì | C3: =IFERROR( _xlfn.XLOOKUP( A3, 'Tabella 1'!A:A, 'Tabella 1'!C:C ), 0 ) -> IZ | D3: 1 | E3: 4626.868 | F3: 1476.5769 | G3: 6736.5 | H3: Sì | I3: No | J3: 5
A4: Via Davide Campari | B4: Sì | C4: =IFERROR( _xlfn.XLOOKUP( A4, 'Tabella 1'!A:A, 'Tabella 1'!C:C ), 0 ) -> IZ | D4: 0.95704534 | E4: 3576.6344 | F4: 876.46154 | G4: 6141.9231 | H4: Sì | I4: No | J4: 5
A5: Via dei Castani | B5: Sì | C5: =IFERROR( _xlfn.XLOOKUP( A5, 'Tabella 1'!A:A, 'Tabella 1'!C:C ), 0 ) -> IZ | D5: 1 | E5: 3078.6487 | F5: 327.34615 | G5: 4820.7692 | H5: Sì | I5: No | J5: 5
A6: Via dei Meli | B6: Sì | C6: =IFERROR( _xlfn.XLOOKUP( A6, 'Tabella 1'!A:A, 'Tabella 1'!C:C ), 0 ) -> IZ | D6: 1 | E6: 3009.9288 | F6: 2181.8077 | G6: 3894.3462 | H6: Sì | I6: Sì | J6: 5
A7: Via dei Platani | B7: Sì | C7: =IFERROR( _xlfn.XLOOKUP( A7, 'Tabella 1'!A:A, 'Tabella 1'!C:C ), 0 ) -> IZ | D7: 0.81446053 | E7: 2553.9078 | F7: 639 | G7: 5350.3846 | H7: Sì | I7: Sì | J7: 5
A8: Via delle Camelie | B8: Sì | C8: =IFERROR( _xlfn.XLOOKUP( A8, 'Tabella 1'!A:A, 'Tabella 1'!C:C ), 0 ) -> IZ | D8: 0.42921909 | E8: 3583.235 | F8: 2092.5 | G8: 6231.5769 | H8: Sì | I8: Sì | J8: 5
A9: Via di Tor Cervara | B9: Sì | C9: =IFERROR( _xlfn.XLOOKUP( A9, 'Tabella 1'!A:A, 'Tabella 1'!C:C ), 0 ) -> Q | D9: 1 | E9: 4691.4475 | F9: 2624.8846 | G9: 8152.8462 | H9: Sì | I9: Sì | J9: 4, 5
A10: Via di Tor Sapienza | B10: Sì | C10: =IFERROR( _xlfn.XLOOKUP( A10, 'Tabella 1'!A:A, 'Tabella 1'!C:C ), 0 ) -> Q | D10: 1 | E10: 3909.9516 | F10: 1459.5 | G10: 5028.4615 | H10: Sì | I10: Sì | J10: 5
A11: Via Filippo Parlatore | B11: Sì | C11: =IFERROR( _xlfn.XLOOKUP( A11, 'Tabella 1'!A:A, 'Tabella 1'!C:C ), 0 ) -> IZ | D11: 0.68581664 | E11: 3721.9318 | F11: 2990.1923 | G11: 5274.5769 | H11: Sì | I11: No | J11: 5
A12: Via Giovanni Gussone | B12: Sì | C12: =IFERROR( _xlfn.XLOOKUP( A12, 'Tabella 1'!A:A, 'Tabella 1'!C:C ), 0 ) -> IZ | D12: 1 | E12: 3774.9875 | F12: 3264.4615 | G12: 4212.3462 | H12: Sì | I12: No | J12: 5
A13: Via Girolamo Cocconi | B13: Sì | C13: =IFERROR( _xlfn.XLOOKUP( A13, 'Tabella 1'!A:A, 'Tabella 1'!C:C ), 0 ) -> IZ | D13: 0.9720883 | E13: 3301.8241 | F13: 1389.4615 | G13: 6128.7692 | H13: Sì | I13: No | J13: 5
... A24: Viale Giovanni Battista Valente | B24: Sì | C24: =IFERROR( _xlfn.XLOOKUP( A24, 'Tabella 1'!A:A, 'Tabella 1'!C:C ), 0 ) -> IZ | D24: 1 | E24: 3056.4427 | F24: 851.42308 | G24: 3679.0385 | H24: No | I24: No | J24: 5

Sheet Municipio 6
A1: Identificazione Strada | B1: Is_PGTU | C1: Classificazione | D1: % PGTU | E1: Flusso medio | F1: Flusso Min | G1: Flusso Max | H1: Is_TPL | I1: Is_GV | J1: Municipio
A2: Via Acquaroni | B2: Sì | C2: =IFERROR( _xlfn.XLOOKUP( A2, 'Tabella 1'!A:A, 'Tabella 1'!C:C ), 0 ) -> IZ | D2: 0.4314713 | E2: 2087.3821 | F2: 115.26923 | G2: 4445.7692 | H2: Sì | I2: No | J2: 6
A3: Via Amico Aspertini | B3: Sì | C3: =IFERROR( _xlfn.XLOOKUP( A3, 'Tabella 1'!A:A, 'Tabella 1'!C:C ), 0 ) -> IZ | D3: 0.97358651 | E3: 2445.3164 | F3: 195.11538 | G3: 5546.0769 | H3: Sì | I3: Sì | J3: 6
A4: Via Avola | B4: Sì | C4: =IFERROR( _xlfn.XLOOKUP( A4, 'Tabella 1'!A:A, 'Tabella 1'!C:C ), 0 ) -> IZ | D4: 1 | E4: 1548.1696 | F4: 1084.2692 | G4: 1892.0769 | H4: Sì | I4: No | J4: 6
A5: Via Castelvetrano | B5: Sì | C5: =IFERROR( _xlfn.XLOOKUP( A5, 'Tabella 1'!A:A, 'Tabella 1'!C:C ), 0 ) -> IZ | D5: 1 | E5: 2823.7994 | F5: 2192.1923 | G5: 3763.3846 | H5: No | I5: No | J5: 6
A6: Via Corot | B6: Sì | C6: =IFERROR( _xlfn.XLOOKUP( A6, 'Tabella 1'!A:A, 'Tabella 1'!C:C ), 0 ) -> Q | D6: 1 | E6: 2416.8948 | F6: 592.15385 | G6: 2979 | H6: Sì | I6: Sì | J6: 6
A7: Via Degas | B7: Sì | C7: =IFERROR( _xlfn.XLOOKUP( A7, 'Tabella 1'!A:A, 'Tabella 1'!C:C ), 0 ) -> Q | D7: 1 | E7: 2307.1366 | F7: 77.423077 | G7: 4826.6538 | H7: Sì | I7: No | J7: 6
A8: Via dei Coribanti | B8: Sì | C8: =IFERROR( _xlfn.XLOOKUP( A8, 'Tabella 1'!A:A, 'Tabella 1'!C:C ), 0 ) -> IZ | D8: 1 | E8: 322.54482 | F8: 244.26923 | G8: 443.88462 | H8: No | I8: No | J8: 6
A9: Via del Casale di Santa Maria | B9: Sì | C9: =IFERROR( _xlfn.XLOOKUP( A9, 'Tabella 1'!A:A, 'Tabella 1'!C:C ), 0 ) -> Q | D9: 0.72994988 | E9: 772.20624 | F9: 31.615385 | G9: 1190.0769 | H9: Sì | I9: No | J9: 6
A10: Via del Fosso dell'Osa | B10: Sì | C10: =IFERROR( _xlfn.XLOOKUP( A10, 'Tabella 1'!A:A, 'Tabella 1'!C:C ), 0 ) -> Q | D10: 0.9616961 | E10: 4416.9369 | F10: 1399.7308 | G10: 31462.154 | H10: Sì | I10: No | J10: 6
A11: Via del Fosso di Santa Maura (Torre Maura-T.Spaccata) | B11: Sì | C11: =IFERROR( _xlfn.XLOOKUP( A11, 'Tabella 1'!A:A, 'Tabella 1'!C:C ), 0 ) -> IZ | D11: 1 | E11: 4968.8465 | F11: 4486.8462 | G11: 5587.0385 | H11: No | I11: No | J11: 6
A12: Via del Fuoco Sacro | B12: Sì | C12: =IFERROR( _xlfn.XLOOKUP( A12, 'Tabella 1'!A:A, 'Tabella 1'!C:C ), 0 ) -> IZ | D12: 0.92775381 | E12: 3869.836 | F12: 1056.4615 | G12: 5374.6154 | H12: Sì | I12: No | J12: 6
A13: Via del Torraccio di Torrenova | B13: Sì | C13: =IFERROR( _xlfn.XLOOKUP( A13, 'Tabella 1'!A:A, 'Tabella 1'!C:C ), 0 ) -> Q | D13: 1 | E13: 2212.6945 | F13: 1475.1923 | G13: 4966.5 | H13: Sì | I13: No | J13: 6
... A32: Via Villabate | B32: Sì | C32: =IFERROR( _xlfn.XLOOKUP( A32, 'Tabella 1'!A:A, 'Tabella 1'!C:C ), 0 ) -> IZ | D32: 1 | E32: 4876.525 | F32: 3250.5 | G32: 6682.3846 | H32: Sì | I32: No | J32: 6

Sheet Municipio 7
A1: Identificazione Strada | B1: Is_PGTU | C1: Classificazione | D1: % PGTU | E1: Flusso medio | F1: Flusso Min | G1: Flusso Max | H1: Is_TPL | I1: Is_GV | J1: Municipio
A2: Via Amiterno | B2: Sì | C2: =IFERROR( _xlfn.XLOOKUP( A2, 'Tabella 1'!A:A, 'Tabella 1'!C:C ), 0 ) -> IZ | D2: 1 | E2: 3226.0014 | F2: 3069.4615 | G2: 3601.6154 | H2: No | I2: No | J2: 7
A3: Via Carlo Denina | B3: Sì | C3: =IFERROR( _xlfn.XLOOKUP( A3, 'Tabella 1'!A:A, 'Tabella 1'!C:C ), 0 ) -> IZ | D3: 1 | E3: 2093.4718 | F3: 1503.9231 | G3: 3661.3846 | H3: No | I3: No | J3: 7
A4: Via Cesare Baronio | B4: Sì | C4: =IFERROR( _xlfn.XLOOKUP( A4, 'Tabella 1'!A:A, 'Tabella 1'!C:C ), 0 ) -> IZ | D4: 0.82462207 | E4: 3557.2481 | F4: 1523.7692 | G4: 4980.1154 | H4: Sì | I4: No | J4: 7
A5: Via Gabi | B5: Sì | C5: =IFERROR( _xlfn.XLOOKUP( A5, 'Tabella 1'!A:A, 'Tabella 1'!C:C ), 0 ) -> IZ | D5: 1 | E5: 3765.9427 | F5: 2546.8846 | G5: 5218.9615 | H5: Sì | I5: Sì | J5: 7
A6: Via Illiria | B6: Sì | C6: =IFERROR( _xlfn.XLOOKUP( A6, 'Tabella 1'!A:A, 'Tabella 1'!C:C ), 0 ) -> IZ | D6: 1 | E6: 278.48077 | F6: 10.961538 | G6: 546 | H6: No | I6: No | J6: 7
A7: Via Lemonia | B7: Sì | C7: =IFERROR( _xlfn.XLOOKUP( A7, 'Tabella 1'!A:A, 'Tabella 1'!C:C ), 0 ) -> IZ | D7: 0.98888524 | E7: 3557.7121 | F7: 171.69231 | G7: 6938.7692 | H7: No | I7: No | J7: 7
A8: Via Licia | B8: Sì | C8: =IFERROR( _xlfn.XLOOKUP( A8, 'Tabella 1'!A:A, 'Tabella 1'!C:C ), 0 ) -> IZ | D8: 1 | E8: 1494.9141 | F8: 561.92308 | G8: 2008.0385 | H8: Sì | I8: No | J8: 7
A9: Via Matera | B9: Sì | C9: =IFERROR( _xlfn.XLOOKUP( A9, 'Tabella 1'!A:A, 'Tabella 1'!C:C ), 0 ) -> IZ | D9: 0.86107528 | E9: 3234.1343 | F9: 1194.9231 | G9: 8031.8077 | H9: No | I9: Sì | J9: 7
A10: Via Ponzio Cominio | B10: Sì | C10: =IFERROR( _xlfn.XLOOKUP( A10, 'Tabella 1'!A:A, 'Tabella 1'!C:C ), 0 ) -> IZ | D10: 1 | E10: 3323.7064 | F10: 891.80769 | G10: 9732 | H10: Sì | I10: No | J10: 7
A11: Viale Furio Camillo | B11: Sì | C11: =IFERROR( _xlfn.XLOOKUP( A11, 'Tabella 1'!A:A, 'Tabella 1'!C:C ), 0 ) -> IZ | D11: 1 | E11: 4642.9741 | F11: 3587.3077 | G11: 5028.3462 | H11: Sì | I11: Sì | J11: 7
A12: Viale Giulio Agricola | B12: Sì | C12: =IFERROR( _xlfn.XLOOKUP( A12, 'Tabella 1'!A:A, 'Tabella 1'!C:C ), 0 ) -> Q | D12: 0.8876281 | E12: 2210.0056 | F12: 801.11538 | G12: 3765.3462 | H12: No | I12: No | J12: 7
A13: Viale Marco Fulvio Nobiliore | B13: Sì | C13: =IFERROR( _xlfn.XLOOKUP( A13, 'Tabella 1'!A:A, 'Tabella 1'!C:C ), 0 ) -> Q | D13: 1 | E13: 3328.5231 | F13: 195.46154 | G13: 11693.654 | H13: Sì | I13: No | J13: 7
A14: Viale Metronio | B14: Sì | C14: =IFERROR( _xlfn.XLOOKUP( A14, 'Tabella 1'!A:A, 'Tabella 1'!C:C ), 0 ) -> IZ | D14: 0.92747767 | E14: 1768.2451 | F14: 179.53846 | G14: 4175.6538 | H14: No | I14: No | J14: 7

Sheet Municipio 8
A1: Identificazione Strada | B1: Is_PGTU | C1: Classificazione | D1: % PGTU | E1: Flusso medio | F1: Flusso Min | G1: Flusso Max | H1: Is_TPL | I1: Is_GV | J1: Municipio
A2: Corso Neostiense | B2: Sì | C2: =IFERROR( _xlfn.XLOOKUP( A2, 'Tabella 1'!A:A, 'Tabella 1'!C:C ), 0 ) -> Q | D2: 1 | E2: 1881.9231 | F2: 1881.9231 | G2: 1881.9231 | H2: No | I2: Sì | J2: 8
A3: Via Alessandro Severo | B3: Sì | C3: =IFERROR( _xlfn.XLOOKUP( A3, 'Tabella 1'!A:A, 'Tabella 1'!C:C ), 0 ) -> IZ | D3: 0.40333266 | E3: 3604.9542 | F3: 307.84615 | G3: 11169.692 | H3: Sì | I3: No | J3: 8
A4: Via Andrea Mantegna | B4: Sì | C4: =IFERROR( _xlfn.XLOOKUP( A4, 'Tabella 1'!A:A, 'Tabella 1'!C:C ), 0 ) -> IZ | D4: 1 | E4: 4838.0197 | F4: 3911.8846 | G4: 6762.1154 | H4: Sì | I4: No | J4: 8
A5: Via Aristide Leonori | B5: Sì | C5: =IFERROR( _xlfn.XLOOKUP( A5, 'Tabella 1'!A:A, 'Tabella 1'!C:C ), 0 ) -> IZ | D5: 0.60096577 | E5: 2976.1732 | F5: 1680.8077 | G5: 3752.0769 | H5: Sì | I5: Sì | J5: 8
A6: Via del Porto Fluviale | B6: Sì | C6: =IFERROR( _xlfn.XLOOKUP( A6, 'Tabella 1'!A:A, 'Tabella 1'!C:C ), 0 ) -> IZ | D6: 1 | E6: 1632.9383 | F6: 444.23077 | G6: 5603.0769 | H6: Sì | I6: Sì | J6: 8
A7: Via delle Sette Chiese (Macinghi Strozzi-Ostiense) | B7: Sì | C7: =IFERROR( _xlfn.XLOOKUP( A7, 'Tabella 1'!A:A, 'Tabella 1'!C:C ), 0 ) -> IZ | D7: 0.38573115 | E7: 2050.519 | F7: 233.07692 | G7: 7944.5769 | H7: Sì | I7: Sì | J7: 8
A8: Via Galba | B8: Sì | C8: =IFERROR( _xlfn.XLOOKUP( A8, 'Tabella 1'!A:A, 'Tabella 1'!C:C ), 0 ) -> IZ | D8: 1 | E8: 2564.7482 | F8: 1898.4231 | G8: 2840.5385 | H8: Sì | I8: No | J8: 8
A9: Via Giacinto Pullino | B9: Sì | C9: =IFERROR( _xlfn.XLOOKUP( A9, 'Tabella 1'!A:A, 'Tabella 1'!C:C ), 0 ) -> IZ | D9: 1 | E9: 4726.1417 | F9: 1992.8077 | G9: 7723.2692 | H9: Sì | I9: Sì | J9: 8
A10: Via Giovanni Battista Licata | B10: Sì | C10: =IFERROR( _xlfn.XLOOKUP( A10, 'Tabella 1'!A:A, 'Tabella 1'!C:C ), 0 ) -> IZ | D10: 0.44831704 | E10: 4439.1814 | F10: 2475.1154 | G10: 6184.7308 | H10: Sì | I10: No | J10: 8
A11: Via Giovannipoli | B11: Sì | C11: =IFERROR( _xlfn.XLOOKUP( A11, 'Tabella 1'!A:A, 'Tabella 1'!C:C ), 0 ) -> IZ | D11: 0.90025806 | E11: 4083.7403 | F11: 3371.8846 | G11: 6823.1538 | H11: Sì | I11: No | J11: 8
A12: Via Girolamo Benzoni | B12: Sì | C12: =IFERROR( _xlfn.XLOOKUP( A12, 'Tabella 1'!A:A, 'Tabella 1'!C:C ), 0 ) -> IZ | D12: 0.89723585 | E12: 3688.0599 | F12: 1773.4615 | G12: 5862.5769 | H12: Sì | I12: Sì | J12: 8
A13: Via Oropa | B13: Sì | C13: =IFERROR( _xlfn.XLOOKUP( A13, 'Tabella 1'!A:A, 'Tabella 1'!C:C ), 0 ) -> IZ | D13: 0 | E13: 4706.3077 | F13: 4706.3077 | G13: 4706.3077 | H13: No | I13: No | J13: 8
... A16: Ponte dell'Industria | B16: Sì | C16: =IFERROR( _xlfn.XLOOKUP( A16, 'Tabella 1'!A:A, 'Tabella 1'!C:C ), 0 ) -> IZ | D16: 0 | E16: 0 | F16: 0 | G16: 0 | H16: No | I16: Sì | J16: 8, 11
A17: Via Ruzzante | B17: Sì | C17: =IFERROR( _xlfn.XLOOKUP( A17, 'Tabella 1'!A:A, 'Tabella 1'!C:C ), 0 ) -> IZ | D17: 0 | E17: 0 | F17: 0 | G17: 0 | H17: No | I17: No | J17: 8

Sheet Municipio 9
A1: Identificazione Strada | B1: Is_PGTU | C1: Classificazione | D1: % PGTU | E1: Flusso medio | F1: Flusso Min | G1: Flusso Max | H1: Is_TPL | I1: Is_GV | J1: Municipio
A2: Via Bruno Brandellero | B2: Sì | C2: =IFERROR( _xlfn.XLOOKUP( A2, 'Tabella 1'!A:A, 'Tabella 1'!C:C ), 0 ) -> IZ | D2: 0.80794682 | E2: 4301.5352 | F2: 239.42308 | G2: 6962.5385 | H2: Sì | I2: No | J2: 9
A3: Via degli Eroi di Coo | B3: Sì | C3: =IFERROR( _xlfn.XLOOKUP( A3, 'Tabella 1'!A:A, 'Tabella 1'!C:C ), 0 ) -> Q | D3: 1 | E3: 916.48345 | F3: 211.38462 | G3: 1615.5 | H3: No | I3: No | J3: 9
A4: Via degli Eroi di Trily | B4: Sì | C4: =IFERROR( _xlfn.XLOOKUP( A4, 'Tabella 1'!A:A, 'Tabella 1'!C:C ), 0 ) -> Q | D4: 1 | E4: 457.1719 | F4: 82.384615 | G4: 825.11538 | H4: No | I4: No | J4: 9
A5: Via dei Caduti Civili | B5: Sì | C5: =IFERROR( _xlfn.XLOOKUP( A5, 'Tabella 1'!A:A, 'Tabella 1'!C:C ), 0 ) -> Q | D5: 1 | E5: 2027.4619 | F5: 79.846154 | G5: 6419.6538 | H5: Sì | I5: No | J5: 9
A6: Via dei Martiri di Marzabotto | B6: Sì | C6: =IFERROR( _xlfn.XLOOKUP( A6, 'Tabella 1'!A:A, 'Tabella 1'!C:C ), 0 ) -> Q | D6: 1 | E6: 264.46714 | F6: 150.34615 | G6: 376.03846 | H6: No | I6: No | J6: 9
A7: Via Felice Cascione | B7: Sì | C7: =IFERROR( _xlfn.XLOOKUP( A7, 'Tabella 1'!A:A, 'Tabella 1'!C:C ), 0 ) -> IZ | D7: 1 | E7: 3915.9642 | F7: 3358.7308 | G7: 11287.731 | H7: Sì | I7: No | J7: 9
A8: Via Francesco Sapori | B8: Sì | C8: =IFERROR( _xlfn.XLOOKUP( A8, 'Tabella 1'!A:A, 'Tabella 1'!C:C ), 0 ) -> IZ | D8: 1 | E8: 4363.9222 | F8: 2623.0385 | G8: 9057.8077 | H8: Sì | I8: No | J8: 9
A9: Via Francesco Tumiati | B9: Sì | C9: =IFERROR( _xlfn.XLOOKUP( A9, 'Tabella 1'!A:A, 'Tabella 1'!C:C ), 0 ) -> IZ | D9: 1 | E9: 4948.731 | F9: 3404.7692 | G9: 6495.2308 | H9: Sì | I9: No | J9: 9
A10: Via Luigi Chiarini | B10: Sì | C10: =IFERROR( _xlfn.XLOOKUP( A10, 'Tabella 1'!A:A, 'Tabella 1'!C:C ), 0 ) -> IZ | D10: 1 | E10: 2663.7895 | F10: 1275 | G10: 6403.7308 | H10: Sì | I10: No | J10: 9
A11: Via Marcello Garosi | B11: Sì | C11: =IFERROR( _xlfn.XLOOKUP( A11, 'Tabella 1'!A:A, 'Tabella 1'!C:C ), 0 ) -> IZ | D11: 1 | E11: 4832.3912 | F11: 3365.0769 | G11: 6546.9231 | H11: Sì | I11: No | J11: 9
A12: Via Riccardo Boschiero | B12: Sì | C12: =IFERROR( _xlfn.XLOOKUP( A12, 'Tabella 1'!A:A, 'Tabella 1'!C:C ), 0 ) -> IZ | D12: 1 | E12: 1141.0072 | F12: 663.57692 | G12: 1645.3846 | H12: Sì | I12: No | J12: 9
A13: Via Romolo Gigliozzi | B13: Sì | C13: =IFERROR( _xlfn.XLOOKUP( A13, 'Tabella 1'!A:A, 'Tabella 1'!C:C ), 0 ) -> IZ | D13: 0.84448057 | E13: 706.09387 | F13: 74.538462 | G13: 2572.3846 | H13: Sì | I13: No | J13: 9
... A19: Viale Ignazio Silone | B19: Sì | C19: =IFERROR( _xlfn.XLOOKUP( A19, 'Tabella 1'!A:A, 'Tabella 1'!C:C ), 0 ) -> IZ | D19: 0.99695673 | E19: 4723.024 | F19: 111.57692 | G19: 10324.962 | H19: Sì | I19: Sì | J19: 9
A20: Piazzale Ferruccio Parri | B20: Sì | C20: =IFERROR( _xlfn.XLOOKUP( A20, 'Tabella 1'!A:A, 'Tabella 1'!C:C ), 0 ) -> IZ | D20: 0 | E20: 0 | F20: 0 | G20: 0 | H20: Sì | I20: No | J20: 9
A21: Via Pontina - Laterale | B21: Sì | C21: =IFERROR( _xlfn.XLOOKUP( A21, 'Tabella 1'!A:A, 'Tabella 1'!C:C ), 0 ) -> IQ; IZ | D21: 0 | E21: 0 | F21: 0 | G21: 0 | H21: Sì | I21: No | J21: 9

Sheet Municipio 10
A1: Identificazione Strada | B1: Is_PGTU | C1: Classificazione | D1: % PGTU | E1: Flusso medio | F1: Flusso Min | G1: Flusso Max | H1: Is_TPL | I1: Is_GV
A2: Corso Duca di Genova | B2: Sì | C2: =IFERROR( _xlfn.XLOOKUP( A2, 'Tabella 1'!A:A, 'Tabella 1'!C:C ), 0 ) -> IZ | D2: 1 | E2: 3043.5593 | F2: 1430.7692 | G2: 5912.4231 | H2: Sì | I2: No
A3: Corso Regina Maria Pia | B3: Sì | C3: =IFERROR( _xlfn.XLOOKUP( A3, 'Tabella 1'!A:A, 'Tabella 1'!C:C ), 0 ) -> IZ | D3: 1 | E3: 3610.0903 | F3: 2740.9615 | G3: 5014.5 | H3: Sì | I3: No
A4: Lungomare Amerigo Vespucci | B4: Sì | C4: =IFERROR( _xlfn.XLOOKUP( A4, 'Tabella 1'!A:A, 'Tabella 1'!C:C ), 0 ) -> IZ | D4: 1 | E4: 1956.6297 | F4: 0.11538462 | G4: 6041.8413 | H4: Sì | I4: No
A5: Lungomare Duca degli Abruzzi | B5: Sì | C5: =IFERROR( _xlfn.XLOOKUP( A5, 'Tabella 1'!A:A, 'Tabella 1'!C:C ), 0 ) -> IZ | D5: 1 | E5: 786.60905 | F5: 299.65385 | G5: 1640.8846 | H5: Sì | I5: No
A6: Via Agostino Chigi | B6: Sì | C6: =IFERROR( _xlfn.XLOOKUP( A6, 'Tabella 1'!A:A, 'Tabella 1'!C:C ), 0 ) -> IQ | D6: 1 | E6: 4571.649 | F6: 3237.8077 | G6: 6032.7692 | H6: Sì | I6: No
A7: Via Albi | B7: Sì | C7: =IFERROR( _xlfn.XLOOKUP( A7, 'Tabella 1'!A:A, 'Tabella 1'!C:C ), 0 ) -> IZ | D7: 0.65021819 | E7: 1004.3195 | F7: 0.11538462 | G7: 2490.1154 | H7: Sì | I7: Sì
A8: Via Alessandro Stradella | B8: Sì | C8: =IFERROR( _xlfn.XLOOKUP( A8, 'Tabella 1'!A:A, 'Tabella 1'!C:C ), 0 ) -> IZ | D8: 0.98003605 | E8: 1637.8749 | F8: 814.73077 | G8: 3429.1154 | H8: Sì | I8: Sì
A9: Via Amedeo Bocchi | B9: Sì | C9: =IFERROR( _xlfn.XLOOKUP( A9, 'Tabella 1'!A:A, 'Tabella 1'!C:C ), 0 ) -> IQ | D9: 0.013770295 | E9: 1773.0573 | F9: 240.69231 | G9: 3797.5385 | H9: Sì | I9: No
A10: Via Andrea da Garessio (Via dei Romagnoli-Via Lorenzo Nerucci) | B10: Sì | C10: =IFERROR( _xlfn.XLOOKUP( A10, 'Tabella 1'!A:A, 'Tabella 1'!C:C ), 0 ) -> IZ | D10: 1 | E10: 649.75054 | F10: 417.69231 | G10: 998.76923 | H10: No | I10: No
A11: Via Armando Armuzzi | B11: Sì | C11: =IFERROR( _xlfn.XLOOKUP( A11, 'Tabella 1'!A:A, 'Tabella 1'!C:C ), 0 ) -> IZ | D11: 1 | E11: 4974.6779 | F11: 4258.6154 | G11: 5713.5 | H11: Sì | I11: No
A12: Via Bedonia | B12: Sì | C12: =IFERROR( _xlfn.XLOOKUP( A12, 'Tabella 1'!A:A, 'Tabella 1'!C:C ), 0 ) -> Q | D12: 0.55471856 | E12: 1569.1414 | F12: 16.269231 | G12: 3042 | H12: No | I12: No
A13: Via Carlo Albizzati | B13: Sì | C13: =IFERROR( _xlfn.XLOOKUP( A13, 'Tabella 1'!A:A, 'Tabella 1'!C:C ), 0 ) -> IZ | D13: 1 | E13: 476.41692 | F13: 166.5 | G13: 955.5 | H13: No | I13: No
... A84: Viale Alfredo Ottaviani | B84: Sì | C84: =IFERROR( _xlfn.XLOOKUP( A84, 'Tabella 1'!A:A, 'Tabella 1'!C:C ), 0 ) -> IZ | D84: 0 | E84: 0 | F84: 0 | G84: 0 | H84: Sì | I84: No

Sheet Municipio 11
A1: Identificazione Strada | B1: Is_PGTU | C1: Classificazione | D1: % PGTU | E1: Flusso medio | F1: Flusso Min | G1: Flusso Max | H1: Is_TPL | I1: Is_GV | J1: Municipio
A2: Via Alberto Mancini | B2: Sì | C2: =IFERROR( _xlfn.XLOOKUP( A2, 'Tabella 1'!A:A, 'Tabella 1'!C:C ), 0 ) -> IZ | D2: 1 | E2: 3431.493 | F2: 3337.6154 | G2: 3592.5 | H2: No | I2: No | J2: 11
A3: Via Cristoforo Sabbadino | B3: Sì | C3: =IFERROR( _xlfn.XLOOKUP( A3, 'Tabella 1'!A:A, 'Tabella 1'!C:C ), 0 ) -> IZ | D3: 1 | E3: 3046.9718 | F3: 1417.9615 | G3: 57832.731 | H3: Sì | I3: No | J3: 11
A4: Via dei Grottoni | B4: Sì | C4: =IFERROR( _xlfn.XLOOKUP( A4, 'Tabella 1'!A:A, 'Tabella 1'!C:C ), 0 ) -> IZ | D4: 1 | E4: 3357.0908 | F4: 2314.2692 | G4: 3837.1154 | H4: No | I4: No | J4: 11
A5: Via del Trullo | B5: Sì | C5: =IFERROR( _xlfn.XLOOKUP( A5, 'Tabella 1'!A:A, 'Tabella 1'!C:C ), 0 ) -> IZ | D5: 0.9556292 | E5: 4883.1959 | F5: 43.384615 | G5: 8155.0385 | H5: Sì | I5: Sì | J5: 11
A6: Via di Monte Stallonara | B6: Sì | C6: =IFERROR( _xlfn.XLOOKUP( A6, 'Tabella 1'!A:A, 'Tabella 1'!C:C ), 0 ) -> IZ | D6: 0.37313311 | E6: 1790.5561 | F6: 1021.0385 | G6: 4201.6154 | H6: Sì | I6: Sì | J6: 11, 12
A7: Via Giannetto Valli | B7: Sì | C7: =IFERROR( _xlfn.XLOOKUP( A7, 'Tabella 1'!A:A, 'Tabella 1'!C:C ), 0 ) -> IZ | D7: 1 | E7: 1450.3188 | F7: 82.038462 | G7: 3801.8077 | H7: No | I7: No | J7: 11
A8: Via Piero Colonna | B8: Sì | C8: =IFERROR( _xlfn.XLOOKUP( A8, 'Tabella 1'!A:A, 'Tabella 1'!C:C ), 0 ) -> IZ | D8: 0.97109422 | E8: 2144.3996 | F8: 8.8846154 | G8: 4323 | H8: Sì | I8: No | J8: 11
A9: Via Senorbi | B9: Sì | C9: =IFERROR( _xlfn.XLOOKUP( A9, 'Tabella 1'!A:A, 'Tabella 1'!C:C ), 0 ) -> IZ | D9: 1 | E9: 1012.9599 | F9: 746.19231 | G9: 1396.2692 | H9: Sì | I9: No | J9: 11
A10: Ponte dell'Industria | B10: Sì | C10: =IFERROR( _xlfn.XLOOKUP( A10, 'Tabella 1'!A:A, 'Tabella 1'!C:C ), 0 ) -> IZ | D10: 0 | E10: 0 | F10: 0 | G10: 0 | H10: No | I10: Sì | J10: 8, 11
A11: Via di Villa Bonelli | B11: Sì | C11: =IFERROR( _xlfn.XLOOKUP( A11, 'Tabella 1'!A:A, 'Tabella 1'!C:C ), 0 ) -> IZ | D11: 0 | E11: 0 | F11: 0 | G11: 0 | H11: No | I11: No | J11: 11

Sheet Municipio 12
A1: Identificazione Strada | B1: Is_PGTU | C1: Classificazione | D1: % PGTU | E1: Flusso medio | F1: Flusso Min | G1: Flusso Max | H1: Is_TPL | I1: Is_GV | J1: Municipio
A2: Lungotevere Portuense | B2: Sì | C2: =IFERROR( _xlfn.XLOOKUP( A2, 'Tabella 1'!A:A, 'Tabella 1'!C:C ), 0 ) -> Q | D2: 0.73850617 | E2: 2746.9328 | F2: 89.884615 | G2: 9782.5385 | H2: No | I2: Sì | J2: 12
A3: Via della Vignaccia | B3: Sì | C3: =IFERROR( _xlfn.XLOOKUP( A3, 'Tabella 1'!A:A, 'Tabella 1'!C:C ), 0 ) -> IZ | D3: 0.9937877 | E3: 4076.2922 | F3: 2142.6923 | G3: 7175.1923 | H3: Sì | I3: No | J3: 12
A4: Via di Monte Stallonara | B4: Sì | C4: =IFERROR( _xlfn.XLOOKUP( A4, 'Tabella 1'!A:A, 'Tabella 1'!C:C ), 0 ) -> IZ | D4: 0.37313311 | E4: 1790.5561 | F4: 1021.0385 | G4: 4201.6154 | H4: Sì | I4: Sì | J4: 11, 12
A5: Via Federico Ozanam | B5: Sì | C5: =IFERROR( _xlfn.XLOOKUP( A5, 'Tabella 1'!A:A, 'Tabella 1'!C:C ), 0 ) -> IZ | D5: 1 | E5: 4573.662 | F5: 3179.925 | G5: 5599.825 | H5: Sì | I5: Sì | J5: 12
A6: Via Fonteiana | B6: Sì | C6: =IFERROR( _xlfn.XLOOKUP( A6, 'Tabella 1'!A:A, 'Tabella 1'!C:C ), 0 ) -> IZ | D6: 0.76096461 | E6: 4723.0545 | F6: 184.15385 | G6: 8739.4615 | H6: Sì | I6: No | J6: 12
A7: Via Maria Lorenza Longo | B7: Sì | C7: =IFERROR( _xlfn.XLOOKUP( A7, 'Tabella 1'!A:A, 'Tabella 1'!C:C ), 0 ) -> IZ | D7: 1 | E7: 773.20205 | F7: 347.19231 | G7: 1051.8462 | H7: No | I7: No | J7: 12
A8: Via Nicolò Bettoni | B8: Sì | C8: =IFERROR( _xlfn.XLOOKUP( A8, 'Tabella 1'!A:A, 'Tabella 1'!C:C ), 0 ) -> Q | D8: 1 | E8: 2712.0594 | F8: 2608.0385 | G8: 3024.8077 | H8: Sì | I8: No | J8: 12

Sheet Municipio 13
A1: Identificazione Strada | B1: Is_PGTU | C1: Classificazione | D1: % PGTU | E1: Flusso medio | F1: Flusso Min | G1: Flusso Max | H1: Is_TPL | I1: Is_GV | J1: Municipio
A2: Via Cornelia | B2: Sì | C2: =IFERROR( _xlfn.XLOOKUP( A2, 'Tabella 1'!A:A, 'Tabella 1'!C:C ), 0 ) -> IQ | D2: 0.96587249 | E2: 3389.1431 | F2: 596.53846 | G2: 8498.8846 | H2: Sì | I2: Sì | J2: 13
A3: Via di Boccea (Via Villa del Bosco-Via Casalnoceto) | B3: Sì | C3: =IFERROR( _xlfn.XLOOKUP( A3, 'Tabella 1'!A:A, 'Tabella 1'!C:C ), 0 ) -> IQ | D3: 0.97640513 | E3: 2092.5187 | F3: 1126.8462 | G3: 3348.6923 | H3: Sì | I3: Sì | J3: 13, 14
A4: Via di Casalotti | B4: Sì | C4: =IFERROR( _xlfn.XLOOKUP( A4, 'Tabella 1'!A:A, 'Tabella 1'!C:C ), 0 ) -> IZ | D4: 1 | E4: 3232.2512 | F4: 1105.5 | G4: 8468.3077 | H4: Sì | I4: Sì | J4: 13
A5: Via di Pantan Monastero | B5: Sì | C5: =IFERROR( _xlfn.XLOOKUP( A5, 'Tabella 1'!A:A, 'Tabella 1'!C:C ), 0 ) -> IZ | D5: 0.33178872 | E5: 2326.1131 | F5: 1441.5 | G5: 4786.9615 | H5: Sì | I5: No | J5: 13
A6: Via di Selva Candida | B6: Sì | C6: =IFERROR( _xlfn.XLOOKUP( A6, 'Tabella 1'!A:A, 'Tabella 1'!C:C ), 0 ) -> IZ | D6: 1 | E6: 4474.6302 | F6: 2130.4615 | G6: 6481.0385 | H6: Sì | I6: Sì | J6: 13, 14
A7: Via Federico Patetta | B7: Sì | C7: =IFERROR( _xlfn.XLOOKUP( A7, 'Tabella 1'!A:A, 'Tabella 1'!C:C ), 0 ) -> IZ | D7: 0.767605 | E7: 4288.4234 | F7: 148.96154 | G7: 5998.5 | H7: Sì | I7: No | J7: 13
A8: Via Nostra Signora di Lourdes | B8: Sì | C8: =IFERROR( _xlfn.XLOOKUP( A8, 'Tabella 1'!A:A, 'Tabella 1'!C:C ), 0 ) -> IZ | D8: 0 | E8: 2275.2837 | F8: 884.53846 | G8: 7168.8462 | H8: Sì | I8: No | J8: 13
A9: Via Umberto Moricca | B9: Sì | C9: =IFERROR( _xlfn.XLOOKUP( A9, 'Tabella 1'!A:A, 'Tabella 1'!C:C ), 0 ) -> IZ | D9: 1 | E9: 846.3823 | F9: 145.26923 | G9: 1222.0385 | H9: No | I9: No | J9: 13

Sheet Municipio 14
A1: Identificazione Strada | B1: Is_PGTU | C1: Classificazione | D1: % PGTU | E1: Flusso medio | F1: Flusso Min | G1: Flusso Max | H1: Is_TPL | I1: Is_GV | J1: Municipio
A2: Via Braccianese Claudia (Via Cassia-Via Paolo Ferrari) | B2: Sì | C2: =IFERROR( _xlfn.XLOOKUP( A2, 'Tabella 1'!A:A, 'Tabella 1'!C:C ), 0 ) -> IZ | D2: 0.81383967 | E2: 2840.0965 | F2: 639 | G2: 7725.3462 | H2: Sì | I2: No | J2: 14, 15
A3: Via della Balduina | B3: Sì | C3: =IFERROR( _xlfn.XLOOKUP( A3, 'Tabella 1'!A:A, 'Tabella 1'!C:C ), 0 ) -> IZ | D3: 0.95462079 | E3: 4890.3242 | F3: 768.11538 | G3: 9566.0769 | H3: Sì | I3: Sì | J3: 14
A4: Via di Boccea (Via Villa del Bosco-Via Casalnoceto) | B4: Sì | C4: =IFERROR( _xlfn.XLOOKUP( A4, 'Tabella 1'!A:A, 'Tabella 1'!C:C ), 0 ) -> IQ | D4: 0.97640513 | E4: 2092.5187 | F4: 1126.8462 | G4: 3348.6923 | H4: Sì | I4: Sì | J4: 13, 14
A5: Via di Selva Candida | B5: Sì | C5: =IFERROR( _xlfn.XLOOKUP( A5, 'Tabella 1'!A:A, 'Tabella 1'!C:C ), 0 ) -> IZ | D5: 1 | E5: 4474.6302 | F5: 2130.4615 | G5: 6481.0385 | H5: Sì | I5: Sì | J5: 13, 14
A6: Via Mario Romagnoli | B6: Sì | C6: =IFERROR( _xlfn.XLOOKUP( A6, 'Tabella 1'!A:A, 'Tabella 1'!C:C ), 0 ) -> IZ | D6: 1 | E6: 4433.1346 | F6: 3371.5385 | G6: 5494.7308 | H6: No | I6: No | J6: 14
A7: Via Trionfale (C.ne Clodia-Evangelisti) | B7: Sì | C7: =IFERROR( _xlfn.XLOOKUP( A7, 'Tabella 1'!A:A, 'Tabella 1'!C:C ), 0 ) -> Q | D7: 1 | E7: 4134.262 | F7: 2584.2692 | G7: 10907.885 | H7: No | I7: Sì | J7: 1, 14

Sheet Municipio 15
A1: Identificazione Strada | B1: Is_PGTU | C1: Classificazione | D1: % PGTU | E1: Flusso medio | F1: Flusso Min | G1: Flusso Max | H1: Is_TPL | I1: Is_GV | J1: Municipio
A2: Via Bellagio | B2: Sì | C2: =IFERROR( _xlfn.XLOOKUP( A2, 'Tabella 1'!A:A, 'Tabella 1'!C:C ), 0 ) -> IZ | D2: 0.72861287 | E2: 3956.0739 | F2: 475.84615 | G2: 6213.2308 | H2: Sì | I2: No | J2: 15
A3: Via Braccianese Claudia (Via Cassia-Via Paolo Ferrari) | B3: Sì | C3: =IFERROR( _xlfn.XLOOKUP( A3, 'Tabella 1'!A:A, 'Tabella 1'!C:C ), 0 ) -> IZ | D3: 0.81383967 | E3: 2840.0965 | F3: 639 | G3: 7725.3462 | H3: Sì | I3: No | J3: 14, 15
A4: Via Cesanense (Via della Stazione di Cesano-Via G.Miotto) | B4: Sì | C4: =IFERROR( _xlfn.XLOOKUP( A4, 'Tabella 1'!A:A, 'Tabella 1'!C:C ), 0 ) -> IQ | D4: 1 | E4: 505.15385 | F4: 480.80769 | G4: 529.5 | H4: No | I4: No | J4: 15
A5: Via dei Colli della Farnesina | B5: Sì | C5: =IFERROR( _xlfn.XLOOKUP( A5, 'Tabella 1'!A:A, 'Tabella 1'!C:C ), 0 ) -> IZ | D5: 0.96366545 | E5: 3589.5815 | F5: 555.11538 | G5: 11679.029 | H5: Sì | I5: Sì | J5: 15
A6: Via della Giustiniana | B6: Sì | C6: =IFERROR( _xlfn.XLOOKUP( A6, 'Tabella 1'!A:A, 'Tabella 1'!C:C ), 0 ) -> IQ | D6: 0.98324888 | E6: 3279.3277 | F6: 165.92308 | G6: 11074.846 | H6: Sì | I6: No | J6: 15
A7: Via della Stazione di Cesano (Via G. Patalucci-Via Cesanese) | B7: Sì | C7: =IFERROR( _xlfn.XLOOKUP( A7, 'Tabella 1'!A:A, 'Tabella 1'!C:C ), 0 ) -> IQ | D7: 0.96414513 | E7: 3201.2621 | F7: 2027.7692 | G7: 5910.9231 | H7: Sì | I7: No | J7: 15
A8: Via della Villa di Livia (Via della Giustiniana-Via P. Davanzo) | B8: Sì | C8: =IFERROR( _xlfn.XLOOKUP( A8, 'Tabella 1'!A:A, 'Tabella 1'!C:C ), 0 ) -> IZ | D8: 0.91180055 | E8: 2369.3623 | F8: 586.03846 | G8: 9769.2692 | H8: Sì | I8: Sì | J8: 15
A9: Via dell'Isola Farnese | B9: Sì | C9: =IFERROR( _xlfn.XLOOKUP( A9, 'Tabella 1'!A:A, 'Tabella 1'!C:C ), 0 ) -> IZ | D9: 0.88405113 | E9: 1058.6303 | F9: 639.46154 | G9: 1454.7692 | H9: Sì | I9: No | J9: 15
A10: Via Edmondo De Amicis | B10: Sì | C10: =IFERROR( _xlfn.XLOOKUP( A10, 'Tabella 1'!A:A, 'Tabella 1'!C:C ), 0 ) -> IZ | D10: 0.99631428 | E10: 2265.8348 | F10: 1880.0769 | G10: 2928.3462 | H10: No | I10: Sì | J10: 1, 15
A11: Via Francesco Saverio Nitti | B11: Sì | C11: =IFERROR( _xlfn.XLOOKUP( A11, 'Tabella 1'!A:A, 'Tabella 1'!C:C ), 0 ) -> Q | D11: 0.90550402 | E11: 3156.3468 | F11: 216.57692 | G11: 4993.8462 | H11: No | I11: No | J11: 15
A12: Via Frassineto | B12: Sì | C12: =IFERROR( _xlfn.XLOOKUP( A12, 'Tabella 1'!A:A, 'Tabella 1'!C:C ), 0 ) -> Q | D12: 0.087503005 | E12: 2721.1024 | F12: 10.5 | G12: 8032.0385 | H12: Sì | I12: Sì | J12: 15
A13: Via Ischia di Castro | B13: Sì | C13: =IFERROR( _xlfn.XLOOKUP( A13, 'Tabella 1'!A:A, 'Tabella 1'!C:C ), 0 ) -> IZ | D13: 0.75267258 | E13: 4271.8487 | F13: 760.61538 | G13: 6987.6923 | H13: Sì | I13: No | J13: 15
... A17: Viale Gemona del Friuli | B17: Sì | C17: =IFERROR( _xlfn.XLOOKUP( A17, 'Tabella 1'!A:A, 'Tabella 1'!C:C ), 0 ) -> Q | D17: 0.87086394 | E17: 2358.7032 | F17: 6.5769231 | G17: 3990.3462 | H17: Sì | I17: No | J17: 15
